com.sleepycat.je.tree.IN.findEntry([BZZLjava/util/Comparator;)I,0.005
com.sleepycat.je.tree.IN.findEntry([BZZ)I,0
com.sleepycat.je.tree.IN.insertEntry1(Lcom/sleepycat/je/tree/Node;[B[BJBZ)I,0
com.sleepycat.je.tree.IN.insertEntry(Lcom/sleepycat/je/tree/Node;[BJ)Z,0
com.sleepycat.je.tree.IN.splitInternal(Lcom/sleepycat/je/tree/IN;ILcom/sleepycat/je/tree/IN;II)Lcom/sleepycat/je/tree/IN;,0.005
com.sleepycat.je.tree.IN.split(Lcom/sleepycat/je/tree/IN;ILcom/sleepycat/je/tree/IN;I)Lcom/sleepycat/je/tree/IN;,0
com.sleepycat.je.tree.Tree.forceSplit([BLcom/sleepycat/je/CacheMode;)Lcom/sleepycat/je/tree/IN;,0
com.sleepycat.je.tree.Tree.searchSplitsAllowed(Lcom/sleepycat/je/tree/IN;[BLcom/sleepycat/je/CacheMode;Ljava/util/Comparator;)Lcom/sleepycat/je/tree/BIN;,0
com.sleepycat.je.tree.Tree.searchSplitsAllowed([BLcom/sleepycat/je/CacheMode;Ljava/util/Comparator;)Lcom/sleepycat/je/tree/BIN;,0
com.sleepycat.je.tree.Tree.searchSplitsAllowed([BLcom/sleepycat/je/CacheMode;)Lcom/sleepycat/je/tree/BIN;,0
com.sleepycat.je.tree.Tree.findBinForInsert([BLcom/sleepycat/je/CacheMode;)Lcom/sleepycat/je/tree/BIN;,0
com.sleepycat.je.dbi.CursorImpl.insertRecordInternal([BLcom/sleepycat/je/tree/LN;Lcom/sleepycat/je/dbi/ExpirationInfo;ZLcom/sleepycat/je/DatabaseEntry;Lcom/sleepycat/je/log/ReplicationContext;)Lcom/sleepycat/je/utilint/Pair;,0
com.sleepycat.je.dbi.CursorImpl.insertOrUpdateRecord(Lcom/sleepycat/je/DatabaseEntry;Lcom/sleepycat/je/DatabaseEntry;Lcom/sleepycat/je/tree/LN;Lcom/sleepycat/je/dbi/ExpirationInfo;Lcom/sleepycat/je/dbi/PutMode;Lcom/sleepycat/je/DatabaseEntry;Lcom/sleepycat/je/DatabaseEntry;Lcom/sleepycat/je/log/ReplicationContext;)Lcom/sleepycat/je/OperationResult;,0
com.sleepycat.je.Cursor.putNoNotify(Lcom/sleepycat/je/DatabaseEntry;Lcom/sleepycat/je/DatabaseEntry;Lcom/sleepycat/je/tree/LN;Lcom/sleepycat/je/CacheMode;Lcom/sleepycat/je/dbi/ExpirationInfo;Lcom/sleepycat/je/dbi/PutMode;Lcom/sleepycat/je/DatabaseEntry;Lcom/sleepycat/je/DatabaseEntry;Lcom/sleepycat/je/log/ReplicationContext;)Lcom/sleepycat/je/OperationResult;,0
com.sleepycat.je.Cursor.putNotify(Lcom/sleepycat/je/DatabaseEntry;Lcom/sleepycat/je/DatabaseEntry;Lcom/sleepycat/je/tree/LN;Lcom/sleepycat/je/CacheMode;Lcom/sleepycat/je/dbi/ExpirationInfo;Lcom/sleepycat/je/dbi/PutMode;Lcom/sleepycat/je/log/ReplicationContext;)Lcom/sleepycat/je/OperationResult;,0.005
com.sleepycat.je.Cursor.putNoDups(Lcom/sleepycat/je/DatabaseEntry;Lcom/sleepycat/je/DatabaseEntry;Lcom/sleepycat/je/CacheMode;Lcom/sleepycat/je/dbi/ExpirationInfo;Lcom/sleepycat/je/dbi/PutMode;)Lcom/sleepycat/je/OperationResult;,0
com.sleepycat.je.Cursor.putInternal(Lcom/sleepycat/je/DatabaseEntry;Lcom/sleepycat/je/DatabaseEntry;Lcom/sleepycat/je/CacheMode;Lcom/sleepycat/je/dbi/ExpirationInfo;Lcom/sleepycat/je/dbi/PutMode;)Lcom/sleepycat/je/OperationResult;,0
com.sleepycat.je.Cursor.putInternal(Lcom/sleepycat/je/DatabaseEntry;Lcom/sleepycat/je/DatabaseEntry;Lcom/sleepycat/je/Put;Lcom/sleepycat/je/WriteOptions;)Lcom/sleepycat/je/OperationResult;,0
com.sleepycat.je.Database.put(Lcom/sleepycat/je/Transaction;Lcom/sleepycat/je/DatabaseEntry;Lcom/sleepycat/je/DatabaseEntry;Lcom/sleepycat/je/Put;Lcom/sleepycat/je/WriteOptions;)Lcom/sleepycat/je/OperationResult;,0
com.sleepycat.je.Database.put(Lcom/sleepycat/je/Transaction;Lcom/sleepycat/je/DatabaseEntry;Lcom/sleepycat/je/DatabaseEntry;)Lcom/sleepycat/je/OperationStatus;,0
com.sleepycat.analysis.MeasureDiskOrderedScan.populate()V,0.016
com.sleepycat.analysis.MeasureDiskOrderedScan.run()V,0
com.sleepycat.analysis.MeasureDiskOrderedScan.run([Ljava/lang/String;)V,0
com.sleepycat.analysis.MeasureDiskOrderedScan.main([Ljava/lang/String;)V,1.502
