com.sleepycat.je.utilint.PropUtil.parseDurationNS(Ljava/lang/String;)J,0.006
com.sleepycat.je.utilint.PropUtil.parseDuration(Ljava/lang/String;)I,0
com.sleepycat.je.config.DurationConfigParam.validateValue(Ljava/lang/String;)V,0
com.sleepycat.je.config.ConfigParam.<init>(Ljava/lang/String;Ljava/lang/String;ZZ)V,0
com.sleepycat.je.config.DurationConfigParam.<init>(Ljava/lang/String;Ljava/lang/String;Ljava/lang/String;Ljava/lang/String;ZZ)V,0
com.sleepycat.je.config.EnvironmentParams.<clinit>()V,0.006
com.sleepycat.analysis.MeasureDiskOrderedScan.envBackgroundReadLimit(Z)Ljava/lang/String;,0.005
com.sleepycat.analysis.MeasureDiskOrderedScan.run([Ljava/lang/String;)V,0
com.sleepycat.analysis.MeasureDiskOrderedScan.main([Ljava/lang/String;)V,1.501

