com.sleepycat.je.cleaner.BaseUtilizationTracker.countNew(JLjava/lang/Object;Lcom/sleepycat/je/log/LogEntryType;I)V,0.005
com.sleepycat.je.cleaner.UtilizationTracker.countNewLogEntry(JLcom/sleepycat/je/log/LogEntryType;ILcom/sleepycat/je/dbi/DatabaseImpl;)V,0
com.sleepycat.je.log.LogManager.serialLogWork(Lcom/sleepycat/je/log/LogItem;Lcom/sleepycat/je/log/LogParams;Lcom/sleepycat/je/cleaner/UtilizationTracker;)Lcom/sleepycat/je/log/LogManager$LogWriteInfo;,0.178
com.sleepycat.je.log.LogManager.serialLog(Lcom/sleepycat/je/log/LogItem;Lcom/sleepycat/je/log/LogParams;Lcom/sleepycat/je/cleaner/UtilizationTracker;)Lcom/sleepycat/je/log/LogManager$LogWriteInfo;,0.005
com.sleepycat.je.log.LogManager.logItem(Lcom/sleepycat/je/log/LogItem;Lcom/sleepycat/je/log/LogParams;)V,0
com.sleepycat.je.log.LogManager.log(Lcom/sleepycat/je/log/LogParams;)Lcom/sleepycat/je/log/LogItem;,0.005
com.sleepycat.je.tree.LN.logInternal(Lcom/sleepycat/je/dbi/EnvironmentImpl;Lcom/sleepycat/je/dbi/DatabaseImpl;Lcom/sleepycat/je/txn/Locker;Lcom/sleepycat/je/txn/WriteLockInfo;Z[BIZZJIZZLcom/sleepycat/je/log/ReplicationContext;)Lcom/sleepycat/je/log/LogItem;,0.005
com.sleepycat.je.tree.LN.optionalLog(Lcom/sleepycat/je/dbi/EnvironmentImpl;Lcom/sleepycat/je/dbi/DatabaseImpl;Lcom/sleepycat/je/txn/Locker;Lcom/sleepycat/je/txn/WriteLockInfo;Z[BIZZJIZLcom/sleepycat/je/log/ReplicationContext;)Lcom/sleepycat/je/log/LogItem;,0
com.sleepycat.je.dbi.CursorImpl.insertRecordInternal([BLcom/sleepycat/je/tree/LN;Lcom/sleepycat/je/dbi/ExpirationInfo;ZLcom/sleepycat/je/DatabaseEntry;Lcom/sleepycat/je/log/ReplicationContext;)Lcom/sleepycat/je/utilint/Pair;,0.026
com.sleepycat.je.dbi.CursorImpl.insertOrUpdateRecord(Lcom/sleepycat/je/DatabaseEntry;Lcom/sleepycat/je/DatabaseEntry;Lcom/sleepycat/je/tree/LN;Lcom/sleepycat/je/dbi/ExpirationInfo;Lcom/sleepycat/je/dbi/PutMode;Lcom/sleepycat/je/DatabaseEntry;Lcom/sleepycat/je/DatabaseEntry;Lcom/sleepycat/je/log/ReplicationContext;)Lcom/sleepycat/je/OperationResult;,0.005
com.sleepycat.je.Cursor.putNoNotify(Lcom/sleepycat/je/DatabaseEntry;Lcom/sleepycat/je/DatabaseEntry;Lcom/sleepycat/je/tree/LN;Lcom/sleepycat/je/CacheMode;Lcom/sleepycat/je/dbi/ExpirationInfo;Lcom/sleepycat/je/dbi/PutMode;Lcom/sleepycat/je/DatabaseEntry;Lcom/sleepycat/je/DatabaseEntry;Lcom/sleepycat/je/log/ReplicationContext;)Lcom/sleepycat/je/OperationResult;,0
com.sleepycat.je.Cursor.putNotify(Lcom/sleepycat/je/DatabaseEntry;Lcom/sleepycat/je/DatabaseEntry;Lcom/sleepycat/je/tree/LN;Lcom/sleepycat/je/CacheMode;Lcom/sleepycat/je/dbi/ExpirationInfo;Lcom/sleepycat/je/dbi/PutMode;Lcom/sleepycat/je/log/ReplicationContext;)Lcom/sleepycat/je/OperationResult;,0
com.sleepycat.je.Cursor.putNoDups(Lcom/sleepycat/je/DatabaseEntry;Lcom/sleepycat/je/DatabaseEntry;Lcom/sleepycat/je/CacheMode;Lcom/sleepycat/je/dbi/ExpirationInfo;Lcom/sleepycat/je/dbi/PutMode;)Lcom/sleepycat/je/OperationResult;,0
com.sleepycat.je.Cursor.putInternal(Lcom/sleepycat/je/DatabaseEntry;Lcom/sleepycat/je/DatabaseEntry;Lcom/sleepycat/je/CacheMode;Lcom/sleepycat/je/dbi/ExpirationInfo;Lcom/sleepycat/je/dbi/PutMode;)Lcom/sleepycat/je/OperationResult;,0
com.sleepycat.je.Cursor.putInternal(Lcom/sleepycat/je/DatabaseEntry;Lcom/sleepycat/je/DatabaseEntry;Lcom/sleepycat/je/Put;Lcom/sleepycat/je/WriteOptions;)Lcom/sleepycat/je/OperationResult;,0
com.sleepycat.je.Database.put(Lcom/sleepycat/je/Transaction;Lcom/sleepycat/je/DatabaseEntry;Lcom/sleepycat/je/DatabaseEntry;Lcom/sleepycat/je/Put;Lcom/sleepycat/je/WriteOptions;)Lcom/sleepycat/je/OperationResult;,0
com.sleepycat.je.Database.putNoOverwrite(Lcom/sleepycat/je/Transaction;Lcom/sleepycat/je/DatabaseEntry;Lcom/sleepycat/je/DatabaseEntry;)Lcom/sleepycat/je/OperationStatus;,0
com.sleepycat.analysis.MeasureDiskOrderedScan.populate()V,0.005
com.sleepycat.analysis.MeasureDiskOrderedScan.run()V,0.005
com.sleepycat.analysis.MeasureDiskOrderedScan.run([Ljava/lang/String;)V,0
com.sleepycat.analysis.MeasureDiskOrderedScan.main([Ljava/lang/String;)V,1.502
