com.sleepycat.je.tree.IN.findEntry([BZZLjava/util/Comparator;)I,0.124
com.sleepycat.je.tree.IN.findEntry([BZZ)I,0
com.sleepycat.je.tree.BIN.applyDelta([B[BJBIJJLcom/sleepycat/je/tree/Node;IZ)V,0.005
com.sleepycat.je.tree.BIN.reconstituteBIN(Lcom/sleepycat/je/dbi/DatabaseImpl;Lcom/sleepycat/je/tree/BIN;Z)V,0.028
com.sleepycat.je.tree.BIN.mutateToFullBIN(Lcom/sleepycat/je/tree/BIN;Z)V,0
com.sleepycat.je.tree.BIN.mutateToFullBIN(Z)V,0
com.sleepycat.je.tree.IN.insertEntry1(Lcom/sleepycat/je/tree/Node;[B[BJBZ)I,0
com.sleepycat.je.tree.IN.insertEntry1(Lcom/sleepycat/je/tree/Node;[B[BJZ)I,0
com.sleepycat.je.dbi.CursorImpl.insertRecordInternal([BLcom/sleepycat/je/tree/LN;Lcom/sleepycat/je/dbi/ExpirationInfo;ZLcom/sleepycat/je/DatabaseEntry;Lcom/sleepycat/je/log/ReplicationContext;)Lcom/sleepycat/je/utilint/Pair;,0.006
com.sleepycat.je.dbi.CursorImpl.insertOrUpdateRecord(Lcom/sleepycat/je/DatabaseEntry;Lcom/sleepycat/je/DatabaseEntry;Lcom/sleepycat/je/tree/LN;Lcom/sleepycat/je/dbi/ExpirationInfo;Lcom/sleepycat/je/dbi/PutMode;Lcom/sleepycat/je/DatabaseEntry;Lcom/sleepycat/je/DatabaseEntry;Lcom/sleepycat/je/log/ReplicationContext;)Lcom/sleepycat/je/OperationResult;,0
com.sleepycat.je.Cursor.putNoNotify(Lcom/sleepycat/je/DatabaseEntry;Lcom/sleepycat/je/DatabaseEntry;Lcom/sleepycat/je/tree/LN;Lcom/sleepycat/je/CacheMode;Lcom/sleepycat/je/dbi/ExpirationInfo;Lcom/sleepycat/je/dbi/PutMode;Lcom/sleepycat/je/DatabaseEntry;Lcom/sleepycat/je/DatabaseEntry;Lcom/sleepycat/je/log/ReplicationContext;)Lcom/sleepycat/je/OperationResult;,0
com.sleepycat.je.Cursor.putNotify(Lcom/sleepycat/je/DatabaseEntry;Lcom/sleepycat/je/DatabaseEntry;Lcom/sleepycat/je/tree/LN;Lcom/sleepycat/je/CacheMode;Lcom/sleepycat/je/dbi/ExpirationInfo;Lcom/sleepycat/je/dbi/PutMode;Lcom/sleepycat/je/log/ReplicationContext;)Lcom/sleepycat/je/OperationResult;,0
com.sleepycat.je.Cursor.putNoDups(Lcom/sleepycat/je/DatabaseEntry;Lcom/sleepycat/je/DatabaseEntry;Lcom/sleepycat/je/CacheMode;Lcom/sleepycat/je/dbi/ExpirationInfo;Lcom/sleepycat/je/dbi/PutMode;)Lcom/sleepycat/je/OperationResult;,0
com.sleepycat.je.Cursor.putInternal(Lcom/sleepycat/je/DatabaseEntry;Lcom/sleepycat/je/DatabaseEntry;Lcom/sleepycat/je/CacheMode;Lcom/sleepycat/je/dbi/ExpirationInfo;Lcom/sleepycat/je/dbi/PutMode;)Lcom/sleepycat/je/OperationResult;,0
com.sleepycat.je.Cursor.putInternal(Lcom/sleepycat/je/DatabaseEntry;Lcom/sleepycat/je/DatabaseEntry;Lcom/sleepycat/je/Put;Lcom/sleepycat/je/WriteOptions;)Lcom/sleepycat/je/OperationResult;,0
com.sleepycat.je.Database.put(Lcom/sleepycat/je/Transaction;Lcom/sleepycat/je/DatabaseEntry;Lcom/sleepycat/je/DatabaseEntry;Lcom/sleepycat/je/Put;Lcom/sleepycat/je/WriteOptions;)Lcom/sleepycat/je/OperationResult;,0
com.sleepycat.je.Database.putNoOverwrite(Lcom/sleepycat/je/Transaction;Lcom/sleepycat/je/DatabaseEntry;Lcom/sleepycat/je/DatabaseEntry;)Lcom/sleepycat/je/OperationStatus;,0
com.sleepycat.analysis.MeasureDiskOrderedScan.populate()V,0.207
com.sleepycat.analysis.MeasureDiskOrderedScan.run()V,0
com.sleepycat.analysis.MeasureDiskOrderedScan.run([Ljava/lang/String;)V,0
com.sleepycat.analysis.MeasureDiskOrderedScan.main([Ljava/lang/String;)V,0

